{
    "feedback_questions": [
      {
        "question": "How satisfied are you with the course content?",
        "options": ["Very Satisfied", "Satisfied", "Neutral", "Dissatisfied", "Very Dissatisfied"]
      },
      {
        "question": "Did the instructor effectively explain the concepts?",
        "options": ["Yes", "No", "Partially"]
      },
      {
        "question": "Were the assignments helpful in reinforcing the learning?",
        "options": ["Yes", "No", "Partially"]
      },
      {
        "question": "How would you rate the overall learning experience?",
        "options": ["Excellent", "Good", "Fair", "Poor", "Very Poor"]
      }
    ]
  }
  