Name,Email,Subject,Faculty,Comment,Rating
Aditya Raj,aditya22101@iiitnr.edu.in,IOT,Kavita Jaiswal,"She is good teacher.
",4
Om Prakash,om22101@iiitnr.edu.in,IOT,Kavita Jaiswal,"Nice
",3
Aman,aman22101,Calculus,Mithlesh Chaube,"Punctual
",3
Devendra,devendra22101,OOP,Santosh Kumar,"Nice 
",4
Tarun,tarun22101,OOP,Santosh Kumar,"good
",3
Vikas,vikas22101,Quantum Mechanics,Paltani,"Fair
",3
David,david22101,3D Printing,Lakhminder Murmu,"Liberal
",3
Amritanshu,amritanshu22101,AIML,Shrinivasa KG,"Lovable
",4
Preetam,preetam22101,CDS,Sresha Yadav,"Good
",3
Sorya,shorya22101,OT,PK Modi,"Entertaining
",3
Kartik,kartik22101,3D Printing,Lakhminder Murmu,"Good
",3
Aditya ,aditya22101,OOP,Santosh Kumar,"Nice
",4
