Name,Email,Subject,Faculty,Comment,Rating,Content,Instructor,Assignment,Overall
Aditya Raj,aditya22101@iiitnr.edu.in,IOT,Kavita Jaiswal,"She is good teacher.
",4,Satisfied,Yes,Partially,Good
Om Prakash,om22101@iiitnr.edu.in,IOT,Kavita Jaiswal,"Nice
",3,Neutral,Partially,Partially,Fair
Aman,aman22101,Calculus,Mithlesh Chaube,"Punctual
",3,Satisfied,Partially,Partially,Fair
Devendra,devendra22101,OOP,Santosh Kumar,"Nice 
",4,Satisfied,Partially,Partially,Good
Tarun,tarun22101,OOP,Santosh Kumar,"good
",3,Neutral,Partially,Partially,Fair
Vikas,vikas22101,Quantum Mechanics,Paltani,"Fair
",3,Neutral,Partially,No,Fair
David,david22101,3D Printing,Lakhminder Murmu,"Liberal
",3,Neutral,Partially,Partially,Fair
Amritanshu,amritanshu22101,AIML,Shrinivasa KG,"Lovable
",4,Satisfied,Partially,Partially,Good
Preetam,preetam22101,CDS,Sresha Yadav,"Good
",3,Neutral,Partially,Partially,Fair
Sorya,shorya22101,OT,PK Modi,"Entertaining
",3,Neutral,Partially,Partially,Fair
